{"cameraMode":{"drawMode":0,"name":"Shaded","section":"Shading Mode"},"sceneLighting":true,"audioPlay":false,"sceneViewState":{"showFog":true,"showMaterialUpdate":false,"showSkybox":true,"showFlares":true,"showImageEffects":true,"showParticleSystems":true},"in2DMode":false,"pivot":{"x":1.134427785873413,"y":0.9835622310638428,"z":2.9215688705444338},"rotation":{"x":-0.04178363457322121,"y":-0.8321502208709717,"z":0.06327439099550247,"w":-0.5493732690811157},"size":3.138005495071411,"orthographic":false}