{"cameraMode":{"drawMode":0,"name":"Shaded","section":"Shading Mode"},"sceneLighting":true,"audioPlay":false,"sceneViewState":{"showFog":true,"showMaterialUpdate":false,"showSkybox":true,"showFlares":true,"showImageEffects":true,"showParticleSystems":true},"in2DMode":false,"pivot":{"x":-25.57019805908203,"y":6.938194274902344,"z":-61.78837966918945},"rotation":{"x":0.3995882272720337,"y":0.5049940943717957,"z":-0.28406503796577456,"w":0.710364818572998},"size":14.499726295471192,"orthographic":false}