{"cameraMode":{"drawMode":0,"name":"Shaded","section":"Shading Mode"},"sceneLighting":true,"audioPlay":false,"sceneViewState":{"showFog":true,"showMaterialUpdate":false,"showSkybox":true,"showFlares":true,"showImageEffects":true,"showParticleSystems":true},"in2DMode":false,"pivot":{"x":-12.980847358703614,"y":-85.7408676147461,"z":-15.943946838378907},"rotation":{"x":0.005976216867566109,"y":-0.8816213607788086,"z":0.47183018922805788,"w":0.011103900149464608},"size":118.15604400634766,"orthographic":false}