{"cameraMode":{"drawMode":0,"name":"Shaded","section":"Shading Mode"},"sceneLighting":true,"audioPlay":false,"sceneViewState":{"showFog":true,"showMaterialUpdate":false,"showSkybox":true,"showFlares":true,"showImageEffects":true,"showParticleSystems":true},"in2DMode":false,"pivot":{"x":-0.3742218017578125,"y":-55.394203186035159,"z":19.291301727294923},"rotation":{"x":-0.16841696202754975,"y":0.4564756453037262,"z":-0.08845403045415878,"w":-0.8691705465316773},"size":99.45463562011719,"orthographic":false}