{"cameraMode":{"drawMode":0,"name":"Shaded","section":"Shading Mode"},"sceneLighting":true,"audioPlay":false,"sceneViewState":{"showFog":true,"showMaterialUpdate":false,"showSkybox":true,"showFlares":true,"showImageEffects":true,"showParticleSystems":true},"in2DMode":false,"pivot":{"x":36.83933639526367,"y":9.308216094970704,"z":-30.324539184570314},"rotation":{"x":-0.24899888038635255,"y":0.17376355826854707,"z":-0.04546583071351051,"w":-0.9517072439193726},"size":62.305015563964847,"orthographic":false}