{"cameraMode":{"drawMode":0,"name":"Shaded","section":"Shading Mode"},"sceneLighting":true,"audioPlay":false,"sceneViewState":{"showFog":true,"showMaterialUpdate":false,"showSkybox":true,"showFlares":true,"showImageEffects":true,"showParticleSystems":true},"in2DMode":false,"pivot":{"x":-29.696800231933595,"y":5.358623504638672,"z":-57.83857727050781},"rotation":{"x":0.3995882272720337,"y":0.5049940943717957,"z":-0.28406503796577456,"w":0.710364818572998},"size":25.35393524169922,"orthographic":false}